<?xml version="1.0" encoding="UTF-8"?>
<!DOCTYPE glassfish-ejb-jar PUBLIC "-//GlassFish.org//DTD GlassFish Application Server 3.1 EJB 3.1//EN" "http://glassfish.org/dtds/glassfish-ejb-jar_3_1-1.dtd">
<glassfish-ejb-jar>
	<enterprise-beans>
		<ejb>
			<ejb-name>NewMessageBean</ejb-name>
			<mdb-connection-factory>
				<jndi-name>jms/destination</jndi-name>
			</mdb-connection-factory>
			<mdb-resource-adapter>
				<resource-adapter-mid>activemq-rar-5.11.1</resource-adapter-mid>
			</mdb-resource-adapter>
		</ejb>
	</enterprise-beans>
</glassfish-ejb-jar>