<?xml version="1.0" encoding="UTF-8" standalone="no"?>
<catalog xmlns="urn:oasis:names:tc:entity:xmlns:xml:catalog" prefer="system">
    <system systemId="http://www.springframework.org/schema/context/spring-context-3.2.xsd" uri="www.springframework.org/schema/context/spring-context-3.2.xsd"/>
    <system systemId="http://www.springframework.org/schema/jee/spring-jee-3.2.xsd" uri="www.springframework.org/schema/jee/spring-jee-3.2.xsd"/>
    <system systemId="http://www.springframework.org/schema/beans/spring-beans-3.2.xsd" uri="www.springframework.org/schema/beans/spring-beans-3.2.xsd"/>
    <system systemId="http://www.springframework.org/schema/tool/spring-tool-3.2.xsd" uri="www.springframework.org/schema/tool/spring-tool-3.2.xsd"/>
    <system systemId="http://www.springframework.org/schema/jee" uri="www.springframework.org/schema/jee/index"/>
    <system systemId="http://www.springframework.org/schema/context" uri="www.springframework.org/schema/context/index"/>
    <system systemId="http://www.springframework.org/schema/context/spring-context-4.0.xsd" uri="www.springframework.org/schema/context/spring-context-4.0.xsd"/>
    <system systemId="http://www.springframework.org/schema/beans/spring-beans-4.0.xsd" uri="www.springframework.org/schema/beans/spring-beans-4.0.xsd"/>
    <system systemId="http://www.springframework.org/schema/tool/spring-tool-4.0.xsd" uri="www.springframework.org/schema/tool/spring-tool-4.0.xsd"/>
</catalog>