<?xml version="1.0" encoding="UTF-8"?>
<ejb-jar xmlns="http://xmlns.jcp.org/xml/ns/javaee"
        version="3.2"
        xmlns:xsi="http://www.w3.org/2001/XMLSchema-instance"
        xsi:schemaLocation="http://xmlns.jcp.org/xml/ns/javaee http://xmlns.jcp.org/xml/ns/javaee/ejb-jar_3_2.xsd">
<display-name>Ejb1</display-name>
<enterprise-beans>
	<message-driven>
		<display-name>NewMessageBean</display-name>
		<ejb-name>NewMessageBean</ejb-name>
		<ejb-class>ru.kurochkin.msgbean.NewMessageBean</ejb-class>
		<messaging-type>javax.jms.MessageListener</messaging-type>
		<transaction-type>Container</transaction-type>
		<activation-config>
			<activation-config-property>
				<activation-config-property-name>DestinationType</activation-config-property-name>
				<activation-config-property-value>javax.jms.Queue</activation-config-property-value>
			</activation-config-property>
			<activation-config-property>
				<activation-config-property-name>Destination</activation-config-property-name>
				<activation-config-property-value>jms/destination</activation-config-property-value>
			</activation-config-property>
		</activation-config>
	</message-driven>
</enterprise-beans>
<assembly-descriptor>
	<container-transaction>
		<method>
			<ejb-name>NewMessageBean</ejb-name>
			<method-name>onMessage</method-name>
			<method-params>
				<method-param>java.lang.String</method-param>
			</method-params>
		</method>
		<trans-attribute>Required</trans-attribute>
	</container-transaction>
</assembly-descriptor>
</ejb-jar>
