<?xml version="1.0" encoding="UTF-8"?>
<project-private xmlns="http://www.netbeans.org/ns/project-private/1">
    <editor-bookmarks xmlns="http://www.netbeans.org/ns/editor-bookmarks/2" lastBookmarkId="0"/>
    <open-files xmlns="http://www.netbeans.org/ns/projectui-open-files/2">
        <group>
            <file>file:/G:/Учеба/Распределенные%20программные%20системы/Лаба1/SpringMVC/web/WEB-INF/web.xml</file>
            <file>file:/G:/Учеба/Распределенные%20программные%20системы/Лаба1/SpringMVC/web/WEB-INF/spring/app-context.xml</file>
            <file>file:/G:/Учеба/Распределенные%20программные%20системы/Лаба1/SpringMVC/web/WEB-INF/dispatcher-servlet.xml</file>
            <file>file:/G:/Учеба/Распределенные%20программные%20системы/Лаба1/SpringMVC/web/redirect.jsp</file>
            <file>file:/G:/Учеба/Распределенные%20программные%20системы/Лаба1/SpringMVC/src/java/log4j/log4j.properties</file>
            <file>file:/G:/Учеба/Распределенные%20программные%20системы/Лаба1/SpringMVC/web/WEB-INF/spring/webmvc-config.xml</file>
            <file>file:/G:/Учеба/Распределенные%20программные%20системы/Лаба1/SpringMVC/web/WEB-INF/jsp/index.jsp</file>
        </group>
    </open-files>
</project-private>
