<?xml version="1.0" encoding="UTF-8"?>
<project-private xmlns="http://www.netbeans.org/ns/project-private/1">
    <editor-bookmarks xmlns="http://www.netbeans.org/ns/editor-bookmarks/2" lastBookmarkId="0"/>
    <open-files xmlns="http://www.netbeans.org/ns/projectui-open-files/2">
        <group>
            <file>file:/home/mikhail/Projects/java/netbeans/lab_4/lab_4-ejb/src/conf/ejb-jar.xml</file>
            <file>file:/home/mikhail/Projects/java/netbeans/lab_4/lab_4-ejb/src/java/ru/kurochkin/msgbean/NewMessageBean.java</file>
            <file>file:/home/mikhail/Projects/java/netbeans/lab_4/lab_4-ejb/nbproject/build-impl.xml</file>
        </group>
    </open-files>
</project-private>
